{
  "version": 2,
  "surface": {
    "widthMode": "relative",
    "heightMode": "relative",
    "gridSize": 10
  },
  "elements": {
    "scoreBadge": {
      "x": 0.5032051282051282,
      "y": 0.01443001443001443,
      "rotation": 0
    },
    "playSurface": {
      "x": 0.5,
      "y": 0.46,
      "rotation": 0
    },
    "northHand": {
      "x": 0.5032051282051282,
      "y": 0.15873015873015872,
      "rotation": 0
    },
    "eastHand": {
      "x": 0.9038461538461539,
      "y": 0.46,
      "rotation": 0
    },
    "southHand": {
      "x": 0.5032051282051282,
      "y": 0.7417027417027417,
      "rotation": 0
    },
    "westHand": {
      "x": 0.09615384615384616,
      "y": 0.46,
      "rotation": 0
    },
    "northStage": {
      "x": 0.5032051282051282,
      "y": 0.3463203463203463,
      "rotation": 0
    },
    "eastStage": {
      "x": 0.7916666666666666,
      "y": 0.4906204906204906,
      "rotation": 0
    },
    "southStage": {
      "x": 0.5032051282051282,
      "y": 0.6031746031746031,
      "rotation": 0
    },
    "westStage": {
      "x": 0.20833333333333334,
      "y": 0.4906204906204906,
      "rotation": 0
    },
    "northToEastLane": {
      "x": 0.5512820512820513,
      "y": 0.2597402597402597,
      "rotation": 90
    },
    "northToSouthLane": {
      "x": 0.4951923076923077,
      "y": 0.2741702741702742,
      "rotation": 0
    },
    "northToWestLane": {
      "x": 0.4391025641025641,
      "y": 0.2597402597402597,
      "rotation": -90
    },
    "eastToNorthLane": {
      "x": 0.8557692307692307,
      "y": 0.38961038961038963,
      "rotation": 270
    },
    "eastToWestLane": {
      "x": 0.8477564102564102,
      "y": 0.4906204906204906,
      "rotation": 0
    },
    "eastToSouthLane": {
      "x": 0.8557692307692307,
      "y": 0.5916305916305916,
      "rotation": 90
    },
    "southToWestLane": {
      "x": 0.4391025641025641,
      "y": 0.7070707070707071,
      "rotation": -90
    },
    "southToNorthLane": {
      "x": 0.4951923076923077,
      "y": 0.6926406926406926,
      "rotation": 0
    },
    "southToEastLane": {
      "x": 0.5512820512820513,
      "y": 0.7070707070707071,
      "rotation": 90
    },
    "westToNorthLane": {
      "x": 0.14262820512820512,
      "y": 0.38961038961038963,
      "rotation": -90
    },
    "westToEastLane": {
      "x": 0.15064102564102563,
      "y": 0.4906204906204906,
      "rotation": 0
    },
    "westToSouthLane": {
      "x": 0.14262820512820512,
      "y": 0.5916305916305916,
      "rotation": 90
    },
    "northLabel": {
      "x": 0.5032051282051282,
      "y": 0.07215007215007214,
      "rotation": 0
    },
    "eastLabel": {
      "x": 0.9519230769230769,
      "y": 0.47619047619047616,
      "rotation": 0
    },
    "southLabel": {
      "x": 0.5032051282051282,
      "y": 0.8821548821548821,
      "rotation": 0
    },
    "westLabel": {
      "x": 0.04807692307692308,
      "y": 0.4906204906204906,
      "rotation": 0
    },
    "actionRow": {
      "x": 0.5,
      "y": 0.948,
      "rotation": 0
    }
  },
  "tokens": {
    "topHandOverlap": 34,
    "bottomHandOverlap": 16,
    "sideHandOverlap": 34,
    "trickLaneGap": 10,
    "playCardOverlap": 22,
    "passCardOverlap": 22,
    "sideLaneInsetFromHand": 34,
    "sideLaneVerticalSpacing": 10,
    "actionAreaGap": 8,
    "actionButtonGap": 8,
    "stageCardScale": 0.86
  }
}
